-- phpMyAdmin SQL Dump
-- version 4.0.10deb1
-- http://www.phpmyadmin.net
--
-- 主机: localhost
-- 生成日期: 2015-11-15 19:57:22
-- 服务器版本: 5.5.44-0ubuntu0.14.04.1
-- PHP 版本: 5.5.9-1ubuntu4.13

SET SQL_MODE = "NO_AUTO_VALUE_ON_ZERO";
SET time_zone = "+00:00";


/*!40101 SET @OLD_CHARACTER_SET_CLIENT=@@CHARACTER_SET_CLIENT */;
/*!40101 SET @OLD_CHARACTER_SET_RESULTS=@@CHARACTER_SET_RESULTS */;
/*!40101 SET @OLD_COLLATION_CONNECTION=@@COLLATION_CONNECTION */;
/*!40101 SET NAMES utf8 */;

--
-- 数据库: `interview`
--
CREATE DATABASE IF NOT EXISTS `interview` DEFAULT CHARACTER SET latin1 COLLATE latin1_swedish_ci;
USE `interview`;

-- --------------------------------------------------------

--
-- 表的结构 `interview`
--

CREATE TABLE IF NOT EXISTS `interview` (
  `id` int(11) NOT NULL AUTO_INCREMENT,
  `player_id` int(11) NOT NULL,
  `judge_id` int(11) DEFAULT '0',
  `interview_status` varchar(45) NOT NULL,
  `group_attitude` int(11) DEFAULT '0',
  `interview_attitude` int(11) DEFAULT '0',
  `life_attitude` int(11) DEFAULT '0',
  `base_knowledge` int(11) DEFAULT '0',
  `direction_knowledge` int(11) DEFAULT '0',
  `comment` varchar(200) DEFAULT NULL,
  `score` float DEFAULT '0',
  `flag` varchar(100) DEFAULT NULL COMMENT '用于插入后，返回 找到 id ',
  PRIMARY KEY (`id`),
  KEY `fk_interview_player1_idx` (`player_id`)
) ENGINE=InnoDB  DEFAULT CHARSET=utf8 AUTO_INCREMENT=337 ;

--
-- 转存表中的数据 `interview`
--

INSERT INTO `interview` (`id`, `player_id`, `judge_id`, `interview_status`, `group_attitude`, `interview_attitude`, `life_attitude`, `base_knowledge`, `direction_knowledge`, `comment`, `score`, `flag`) VALUES
(45, 152, 27, '5', 10, 10, 10, 10, 10, '基础很扎实，接触方向很多，动手和实践能力很强。', 10, '1521447410478'),
(46, 15, 23, '5', 10, 8, 10, 7, 10, '态度端正，C语言基础良好，课内知识扎实，但是没有深入了解', 7.2, '151447411401'),
(47, 19, 22, '5', 10, 9, 10, 9, 10, '做的都能讲出来， 90%都能理解内部机制，很不错，对大一来说我非常满意。小缺点就是：很难的题他说研究过但是没有搞懂，卷子上一点没有动笔。', 9, '191447412031'),
(48, 24, 25, '5', 10, 6, 10, 6, 10, '计算机知识，仅限于计导书。\r\n自学能力一般。\r\nc语言知识较差。\r\n表达能力一般。', 6, '241447412079'),
(49, 22, 24, '5', 10, 8, 10, 7, 10, '', 7.2, '221447412100'),
(50, 3, 26, '5', 10, 8, 10, 9, 10, '安全组不通过，但可被挖\r\n态度认真，基础较扎实', 8.8, '31447412144'),
(51, 4, 27, '5', 10, 9, 10, 8, 10, '基础较好，态度较好，安全附加题做到“显示图片”。', 8.2, '41447412362'),
(52, 152, 22, '8', 10, 10, 10, 10, 10, '没的说 太刁了。。。', 10, '1521447412522'),
(53, 19, 26, '8', 10, 9, 10, 7, 10, '面试态度良好，基础知识需要巩固', 7.4, '191447412978'),
(54, 15, 24, '8', 10, 7, 10, 6, 10, '态度诚恳，但是对C语言理解较浅，头脑不够灵活', 6.2, '151447413167'),
(55, 3, 23, '8', 10, 8, 10, 7, 10, '态度端正，基础不是很扎实，课外一般', 7.2, '31447413349'),
(56, 22, 27, '8', 10, 8, 10, 7, 10, '态度一般，所学知识仅限课本之内，潜力不大。', 7.2, '221447413526'),
(57, 6, 24, '5', 10, 10, 10, 10, 10, '', 10, '61447413821'),
(58, 4, 22, '8', 10, 8, 10, 8, 10, '前面题做的一般，后面的难题理解比较深，对大一而言我觉得很意外。', 8, '41447413878'),
(59, 24, 26, '8', 10, 7, 10, 6, 10, '课本知识理解不深，基本的知识不了解！', 6.2, '241447414556'),
(60, 25, 24, '5', 10, 8, 10, 7, 10, '对于C语言有基本的认识，但是，对于大二的学生来说基础知识还是比较薄弱的。', 7.2, '251447414720'),
(61, 16, 25, '5', 10, 10, 10, 5, 10, 'c知其然不知其所以然。', 6, '161447415161'),
(62, 17, 28, '5', 8, 6, 6, 3, 3, '面试时没有按规定带上自己作品，个人技能不好判断。\r\n有一定的基础，但是方向不太明确。', 3.6, '171447415201'),
(63, 25, 22, '8', 10, 9, 10, 9, 10, '大二的，有方向，学过一个月web，有明确方向，有一定linux基础。我个人不想卡这种学生，后期讨论吧。', 9, '251447415755'),
(64, 16, 27, '8', 10, 9, 10, 8, 10, '态度很认真，学霸类型，但探索能力一般。', 8.2, '161447416262'),
(65, 20, 25, '5', 10, 10, 10, 7, 10, '自学能力较强，逻辑表达清楚。\r\n自学C。', 7.6, '201447417063'),
(66, 29, 26, '5', 10, 7, 10, 5, 10, '', 5.4, '291447417092'),
(67, 27, 22, '5', 10, 10, 10, 8, 10, '软件专业，0基础，我认为她学的挺好的，态度很好，确实学了，虽然有的题抓不到考点，但可以看出她努力学过，我觉得很好。所以态度分高，基础分低。', 8.4, '271447417122'),
(68, 26, 24, '5', 10, 9, 10, 9, 10, '基础知识比较扎实，附加题做到第四步，对基本web安全常识有了解，还可以~\r\n·', 9, '261447417245'),
(69, 30, 23, '5', 10, 8, 10, 7, 10, 'c语言基础不是很好，课外知识无', 7.2, '301447417270'),
(70, 32, 27, '5', 10, 9, 10, 9, 10, '基础一般，方向知识没有。', 9, '321447417423'),
(71, 54, 25, '5', 10, 9, 10, 6, 10, '自学能力一般。\r\nC一般。\r\n理解能力一般。', 6.6, '541447417770'),
(72, 33, 27, '5', 10, 9, 10, 9, 10, '课外知识基础稍好，接触过Linux。', 9, '331447417796'),
(73, 31, 28, '5', 5, 8, 8, 3, 3, '有一定基础，但是方向不太明确。\r\n态度积极，虽然没有按规定带上自己作品，但是能够自信给我们展示自己的经历。', 4, '311447417837'),
(74, 17, 28, '8', 5, 5, 6, 3, 3, '同一', 3.4, '171447417845'),
(75, 20, 22, '8', 10, 10, 10, 8, 10, '软件专业，没有基础，没有编译过代码，能力所及范围都做到了最好，以前接触过“hello world”。', 8.4, '201447418083'),
(76, 27, 24, '8', 10, 7, 10, 7, 10, '基础知识比较薄弱，但是学习态度认真。', 7, '271447418204'),
(77, 26, 26, '8', 10, 8, 10, 7, 10, '大二，c语言基础知识薄弱，安全知识有了解', 7.2, '261447418210'),
(78, 29, 24, '8', 10, 7, 10, 6, 10, '软工专业，没学过C，基础知识一般，对题目理解不够深刻。', 6.2, '291447418464'),
(79, 32, 22, '8', 10, 6, 10, 6, 10, '能运行出结果的题都没有给出答案。', 6, '321447418935'),
(80, 31, 28, '8', 8, 8, 8, 4, 3, '有一定基础，但是方向不明确。\r\n虽然面试未按要求带来自己的作品，但是还是准备了个人经历。', 4.8, '311447419108'),
(81, 54, 24, '8', 10, 7, 10, 5, 10, '基础知识薄弱，不会写代码。但是态度还算认真。', 5.4, '541447419363'),
(82, 30, 25, '8', 10, 6, 10, 7, 10, 'C理解程度不深。\r\n语言表达能力一般。\r\nC语言编程还行。', 6.8, '301447419898'),
(83, 33, 22, '8', 10, 9, 10, 9, 10, '说的流畅，不是照着念，玩过虚拟机，有安全方面的经历，玩过超频cpu，了解BIOS，装系统什么的。忘记问附加题的东西了，二面时记得问一下。', 9, '331447420354'),
(84, 6, 24, '8', 10, 10, 10, 10, 10, '', 10, '61447424024'),
(85, 49, 25, '5', 10, 7, 10, 6, 10, '求知欲不强，C语言基础还行，不适合学安全。', 6.2, '491447461632'),
(86, 55, 22, '5', 10, 8, 10, 7, 10, '基础一般，好多题没跑过，后面难题说没学过就没看。。没带答案，当场口述的', 6.94, '551447462247'),
(87, 48, 31, '5', 10, 8, 10, 7, 10, 'C基础不扎实，服从调剂', 7.1, '481447462472'),
(88, 44, 24, '5', 10, 8, 10, 6, 10, '面试态度尚可，面试题理解不够深刻，总体不突出', 6.4, '441447462691'),
(89, 51, 22, '5', 10, 9, 10, 9, 10, '没带题，当场说出答案，考点掌握很准确，有些提示性的东西都可以想出来，读过《鸟哥》。比一般的态度好的同学更厉害。', 8.58, '511447462847'),
(90, 38, 23, '5', 10, 8, 10, 8, 10, '基础可以，有自学，安全知识有，但一般', 7.6, '381447462873'),
(91, 55, 31, '8', 10, 7, 10, 6, 10, '不要', 5.8, '551447463183'),
(92, 48, 27, '8', 10, 8, 10, 8, 10, '基础薄弱，不通过', 7.56, '481447463270'),
(93, 44, 25, '8', 10, 6, 10, 5, 10, '本组已放弃。', 5.2, '441447463921'),
(94, 49, 24, '8', 10, 6, 10, 8, 10, '基础还可以，关键词“看了表达不出来”，面试不够重视，理解不够深刻。', 7.2, '491447463927'),
(95, 51, 31, '8', 10, 8, 10, 7, 10, '基础还可以，差不多能过', 7.44, '511447464083'),
(96, 52, 22, '5', 10, 9, 10, 8, 10, '态度非常好，他带的笔记本里面有自己的解题过程，很详细，但是对于题目的理解上不足，内存溢出，递归都不了解\r\n可以考虑换方向', 8.2, '521447464206'),
(97, 118, 27, '5', 10, 9, 10, 9, 10, 'C的基础较好，有自学Linux c 的经历', 8.5, '1181447465137'),
(98, 52, 25, '8', 10, 9, 10, 7, 10, '态度好', 7.4, '521447465335'),
(99, 53, 24, '5', 10, 5, 10, 5, 10, '基础知识薄弱，方向知识不够明确，表述能力一般', 5, '531447465347'),
(100, 39, 22, '5', 10, 8, 10, 7, 10, '基础一般，有些题没有试过就直接给答案，然后答案是错的。', 7.2, '391447465443'),
(101, 53, 31, '8', 10, 7, 10, 4, 10, '不要', 4.6, '531447465856'),
(102, 38, 22, '8', 10, 10, 10, 10, 10, '后面的题全都给出了让我非常满意的部分。前面都很好。掉渣天+1，最后的内存画出了一部分', 9.74, '381447466074'),
(103, 39, 24, '8', 10, 7, 10, 6, 10, '一般一般，理解不够深刻，学习能力一般，弃~', 6.2, '391447466150'),
(104, 45, 31, '5', 10, 7, 10, 6, 10, '大二软件，C基础薄弱，数据结构不会，虽然有方向，但从没了解过WEB', 5.8, '451447466944'),
(105, 76, 25, '5', 10, 9, 10, 6, 10, '建议进入二面', 6.6, '761447467228'),
(106, 57, 27, '5', 10, 9, 10, 8, 10, '态度很好，基础很一般，没有额外的学习。', 7.8, '571447467268'),
(107, 60, 23, '5', 0, 0, 0, 0, 0, '啥都不会', 0, '601447467326'),
(108, 118, 22, '8', 10, 10, 10, 10, 10, '弄错了，一会改分。', 10, '1181447467512'),
(109, 75, 22, '5', 10, 7, 10, 7, 10, '基础太差，很一般', 6.6, '751447467675'),
(110, 62, 31, '5', 10, 8, 10, 7, 10, '基础还可以，但没有深入，对安全没有了解\r\n可以换方向', 7.2, '621447467711'),
(111, 45, 22, '8', 10, 8, 10, 8, 10, '大二的，对题的理解虽然深但没有深入学过，大二有方向没有方向基础，不符合大二的要求。这些题对大二本身就没有难度。', 7.5, '451447468146'),
(112, 66, 23, '5', 10, 8, 10, 8, 10, 'c语言基础较好，没有自学后面的，运维有方向，但仅仅入了几天的门', 8, '661447468166'),
(113, 75, 24, '8', 10, 7, 10, 6, 10, '弃', 6.2, '751447468167'),
(114, 60, 23, '8', 0, 0, 0, 0, 0, '转设计', 0, '601447468286'),
(115, 13, 25, '5', 10, 8, 10, 5, 10, '对C没有基础，linux有了解', 5.6, '131447468310'),
(116, 76, 27, '8', 10, 9, 10, 9, 10, '通过', 9, '761447468424'),
(117, 57, 22, '8', 10, 8, 10, 8, 10, '基础不行，下去没有仔细查资料，基本的知识没有搞清楚，不会就没有下去了解了。', 7.5, '571447468651'),
(118, 62, 24, '8', 10, 8, 10, 8, 10, '面试态度，基础还可以，有一定潜力，可以考虑给而二面机会。', 7.6, '621447469308'),
(119, 13, 31, '8', 10, 9, 10, 5, 10, '软件大一，自学能力较低，题目只会个别', 5.7, '131447469751'),
(120, 66, 27, '8', 10, 9, 10, 9, 10, '基础较好。', 9, '661447470161'),
(121, 77, 25, '5', 10, 6, 10, 6, 10, '一般', 6, '771447470213'),
(122, 77, 31, '8', 10, 8, 10, 6, 10, '不要，基础太差', 5.9, '771447471187'),
(123, 14, 27, '5', 10, 8, 10, 5, 10, '软件方向，没有C基础，没有web基础，并且自学能力不太好。', 5.6, '141447480813'),
(124, 14, 22, '8', 10, 9, 10, 0, 10, '软件专业，答案从别人那找到，说不出任何东西。祝她以后好运了。', 1.7, '141447481863'),
(125, 79, 27, '5', 0, 0, 0, 0, 0, '长得太丑！降低协会颜值。', 0, '791447482183'),
(126, 61, 27, '5', 0, 0, 0, 0, 0, '长得太丑！降低协会颜值。', 0, '611447482322'),
(127, 79, 27, '8', 0, 0, 0, 0, 0, '长得太丑！降低协会颜值。', 0, '791447482544'),
(128, 61, 31, '8', 0, 0, 0, 0, 0, '不要', 0, '611447482593'),
(129, 80, 25, '5', 10, 7, 10, 5, 10, 'C很不扎实', 5.4, '801447482930'),
(130, 12, 24, '5', 10, 7, 10, 7, 10, '一般。', 7, '121447483851'),
(131, 83, 22, '5', 10, 9, 10, 9, 10, '软件专业，前面的小点可能有些模糊，但是后面的东西知道很多，自学了一些指针，会选择排序。有一定算法思维。', 8.9, '831447483936'),
(132, 141, 31, '5', 0, 0, 0, 0, 0, '', 0, '1411447484116'),
(133, 141, 28, '8', 10, 8, 10, 3, 3, '~', 4, '1411447484211'),
(134, 80, 31, '8', 10, 8, 10, 7, 10, '差不多能过，学习的东西能掌握，技术宅', 7.44, '801447484310'),
(135, 93, 25, '5', 10, 5, 10, 4, 10, '.....', 4.2, '931447484659'),
(136, 81, 27, '5', 10, 9, 10, 8, 10, '软件专业，没学C，没有方向知识。', 7.7, '811447485003'),
(137, 95, 23, '5', 10, 8, 10, 6, 10, '大二基础差', 6.4, '951447485188'),
(138, 92, 28, '5', 10, 6, 10, 6, 10, '不通过', 6, '921447485342'),
(139, 93, 31, '8', 10, 6, 10, 3, 10, '不要', 3.6, '931447485695'),
(140, 12, 25, '8', 10, 5, 10, 4, 10, '不要', 4.2, '121447485764'),
(141, 92, 28, '8', 10, 6, 10, 6, 10, '不通过', 6, '921447485842'),
(142, 83, 27, '8', 10, 9, 10, 9, 10, '软件专业，C, Linux的基本命令操作都是自学。通过。', 9, '831447485875'),
(143, 81, 22, '8', 10, 9, 10, 8, 10, '软件专业，同学让她在虚拟机上用gcc编译程序（感觉被坑了），会的东西不多，想学web ，我觉得水平差一点，', 7.7, '811447485903'),
(144, 95, 25, '8', 10, 6, 10, 6, 10, '弃7', 6, '951447485952'),
(145, 91, 23, '5', 10, 8, 10, 7, 10, '基础一般，大二', 7.2, '911447486482'),
(146, 90, 31, '5', 10, 8, 10, 8, 10, '基础还可以，对linux有基础了解', 7.5, '901447486617'),
(147, 68, 22, '5', 10, 8, 10, 8, 10, '来混的。', 7.5, '681447487237'),
(148, 91, 24, '8', 10, 9, 10, 9, 10, '大二, 自学能力较好\r\n表决未通过', 9, '911447487745'),
(149, 90, 23, '8', 10, 9, 10, 7, 10, '基础可以', 7.4, '901447487749'),
(150, 68, 31, '8', 10, 7, 10, 5, 10, '三个数比大小不会', 5.4, '681447487841'),
(151, 112, 22, '5', 10, 9, 10, 9, 10, '大二的想学web 直接扔给了杨少康  暂定', 8.6, '1121447488117'),
(152, 104, 24, '5', 10, 6, 10, 6, 10, '中等 没有亮点  题目理解不深刻', 6, '1041447488313'),
(153, 111, 28, '5', 10, 6, 10, 3, 3, '(╯‵□′)╯︵┻━┻', 3.6, '1111447488340'),
(154, 21, 25, '5', 10, 6, 10, 5, 10, '7', 5.2, '211447488372'),
(155, 100, 22, '5', 10, 10, 10, 10, 10, '给他1年时间就能超过谷仕涛。 吊炸天。。。。', 9.8, '1001447488426'),
(156, 82, 31, '5', 10, 7, 10, 6, 10, '基础较弱', 6.2, '821447488447'),
(157, 112, 31, '8', 10, 10, 10, 10, 10, '大二，web组，暂定！', 10, '1121447488618'),
(158, 109, 23, '5', 10, 9, 10, 8, 10, '基础很好，学霸，有java基础，方向不清楚（少康有面）', 8.2, '1091447488852'),
(159, 21, 27, '8', 10, 8, 10, 7, 10, '不通过', 7.2, '211447489077'),
(160, 111, 28, '8', 10, 8, 10, 3, 3, '(╯‵□′)╯︵┻━┻', 4, '1111447489267'),
(161, 114, 25, '5', 10, 7, 10, 6, 10, '77777777777', 6.2, '1141447489351'),
(162, 129, 24, '5', 10, 7, 10, 5, 10, '软件专业，对面试不够重视，没有完全把题目查完，逻辑不太清晰', 5.4, '1291447489397'),
(163, 117, 25, '5', 10, 8, 10, 5, 10, '7777777', 5.6, '1171447489430'),
(164, 116, 31, '5', 10, 8, 10, 8, 10, '软件，自学能力较强，有安装虚拟机经验', 8, '1161447489447'),
(165, 115, 25, '5', 10, 7, 10, 7, 10, '', 7, '1151447489473'),
(166, 63, 24, '5', 10, 7, 10, 5, 10, '刷~', 5.4, '631447489494'),
(167, 110, 24, '5', 10, 7, 10, 5, 10, '方向较为明确，但是C语言的知识较为薄弱', 5.4, '1101447489555'),
(168, 104, 23, '8', 10, 8, 10, 7, 10, 'c语言基础一般，没有自学，没有课外知识', 6.96, '1041447489624'),
(169, 109, 24, '8', 10, 10, 10, 10, 10, '建议给二面机会', 10, '1091447489951'),
(170, 100, 27, '8', 10, 9, 10, 9, 10, '自学能力较好。通过。', 9, '1001447490139'),
(171, 107, 31, '5', 10, 8, 10, 6, 10, '软件专业，只知道卷子表面知识', 6.4, '1071447490169'),
(172, 82, 22, '8', 10, 9, 10, 9, 10, '比较扎实，基础题答的可以，后面的题有一定理解。可以留下。', 8.5, '821447490243'),
(173, 110, 23, '8', 10, 8, 10, 5, 10, '基础差', 5.6, '1101447490510'),
(174, 114, 27, '8', 10, 8, 10, 6, 10, '不通过', 6.3, '1141447490689'),
(175, 99, 22, '5', 10, 9, 10, 8, 10, '基础一般，在新卓越学习，又报了英语班，可能以后没什么时间在实验室，家里人好多搞web ，我意不留。', 7.7, '991447491243'),
(176, 116, 23, '8', 10, 8, 10, 7, 10, '会一点linux，会一点c语言，有自学', 6.8, '1161447491401'),
(177, 129, 27, '8', 10, 8, 10, 6, 10, '不通过。', 6.4, '1291447491591'),
(178, 115, 31, '8', 10, 7, 10, 5, 10, '不要', 5.4, '1151447491968'),
(179, 107, 22, '8', 10, 9, 10, 8, 10, '软件专业，基础学的一般，比软件优秀的人差一点，但是后面web准备了不少东西，我意给个机会', 8.2, '1071447492143'),
(180, 99, 23, '8', 10, 8, 10, 5, 10, '能吃苦', 5.6, '991447492213'),
(181, 63, 25, '8', 10, 7, 10, 7, 10, '', 7, '631447492601'),
(182, 117, 27, '8', 10, 8, 10, 6, 10, '基础没有，不通过。', 6.4, '1171447492762'),
(183, 134, 27, '5', 10, 10, 10, 6, 10, '一面过,二面打击\r\n态度，让人无法拒绝，但基础知识还存在很大的不足', 6.8, '1341447497092'),
(184, 123, 25, '5', 10, 8, 10, 6, 10, '基础一般，没有亮点', 5.9, '1231447499158'),
(185, 126, 31, '5', 10, 7, 10, 6, 10, '卓越班学习了所有的c语言，首先说了第18题，我觉得挺牛的，我出了2个简单题，没一个写出来，例如a&gt;b&gt;c,\r\n我觉得他不会写代码，不要', 5.8, '1261447499760'),
(186, 136, 23, '5', 3, 3, 10, 3, 3, '参加新卓越，C语言什么也不会，不知道老师上的什么，其他方向什么也不会', 3, '1361447499798'),
(187, 133, 30, '5', 10, 6, 10, 6, 10, 'pass', 6, '1331447499821'),
(188, 131, 30, '5', 10, 8, 10, 7, 10, '建议换方向\r\n安全无了解，能够解释基础的题目，一有难度就不会了，不建议安全组要', 7.2, '1311447499861'),
(189, 120, 24, '5', 10, 8, 10, 8, 10, 'C语言基础不错，对于运维有一定的了解，Linux小白，整体不错，感觉比较沉稳。', 8, '1201447499930'),
(190, 134, 25, '8', 10, 10, 10, 10, 10, '非常认真，努力', 10, '1341447499946'),
(191, 123, 23, '8', 10, 6, 10, 6, 6, '水平较低，前端不了解', 6, '1231447499970'),
(192, 130, 24, '5', 10, 7, 10, 6, 10, 'C语言基础差，刷~', 6.2, '1301447499972'),
(193, 108, 30, '5', 10, 8, 10, 7, 10, '在跟 老师学习， 基础差 ，反补码搞不定，Linux没有基础，不建议通过', 7.26, '1081447500024'),
(194, 121, 25, '5', 10, 6, 10, 6, 10, '一般般，没有亮点', 6, '1211447500460'),
(195, 144, 31, '5', 10, 7, 10, 4, 10, '两个数比较大小，不会', 4.6, '1441447500491'),
(196, 136, 25, '8', 10, 7, 10, 6, 10, '基础还好。电院，慎重', 6.2, '1361447500513'),
(197, 145, 23, '5', 10, 10, 10, 8, 10, '较为努力，可以考虑给次机会', 8, '1451447500534'),
(198, 125, 23, '5', 10, 8, 10, 8, 10, '没有学C语言，C语言还行，建议转方向', 8, '1251447500577'),
(199, 133, 22, '8', 10, 7, 10, 7, 10, '有过c语言课，但是不好，就这样。', 7, '1331447500578'),
(200, 155, 30, '5', 10, 9, 10, 8, 10, '基础一般，学习态度很好。', 7.8, '1551447500781'),
(201, 120, 22, '8', 10, 8, 10, 9, 10, 'c语言基础不错，大部分都可以回答上来，可以。', 8.4, '1201447501752'),
(202, 131, 31, '8', 10, 8, 10, 7, 10, '上机成绩不错，但卷面没搞懂，和另一组结合', 7.26, '1311447501917'),
(203, 127, 31, '5', 10, 7, 10, 4, 10, '7，完全是背的，深入一点都不懂', 4.6, '1271447501997'),
(204, 126, 25, '8', 10, 8, 10, 7, 10, '基础还行，比较认真，可以考虑', 7.2, '1261447502141'),
(205, 121, 24, '8', 10, 8, 10, 7, 10, 'C语言基础较差', 6.8, '1211447502148'),
(206, 145, 22, '8', 10, 8, 10, 0, 10, '', 1.6, '1451447502257'),
(207, 130, 23, '8', 10, 8, 10, 7, 10, 'web一般基本都是百度的，12级', 7.2, '1301447503062'),
(208, 125, 25, '8', 10, 7, 10, 6, 10, '自动化，没电脑，自学可以', 6.2, '1251447503114'),
(209, 150, 24, '5', 10, 7, 10, 6, 10, '一般，没有亮点', 6.2, '1501447503228'),
(210, 108, 25, '8', 10, 7, 10, 6, 10, 'C基础差，', 6.2, '1081447503583'),
(211, 127, 23, '8', 10, 6, 10, 3, 10, '什么都不知道', 3.6, '1271447503601'),
(212, 143, 23, '5', 10, 3, 10, 3, 10, '啥都不会。', 3, '1431447504016'),
(213, 139, 31, '5', 10, 7, 10, 5, 10, '不要，c基础薄弱', 5.4, '1391447504121'),
(214, 219, 22, '5', 10, 10, 10, 10, 10, '谷仕涛说不挡她', 10, '2191447504180'),
(215, 144, 22, '8', 10, 7, 10, 7, 10, '很一般，混。', 7, '1441447504238'),
(216, 140, 24, '5', 10, 9, 10, 9, 10, '建议给二面机会', 8.6, '1401447504425'),
(217, 150, 23, '8', 10, 3, 10, 2, 10, '菜的**', 2.2, '1501447504494'),
(218, 143, 30, '8', 10, 7, 10, 5, 10, '基础太差太差，不通过。', 5.3, '1431447504608'),
(219, 138, 31, '5', 10, 8, 10, 5, 10, '大二，对c理解不够深，web知识了解一点点，建议不要', 5.5, '1381447504790'),
(220, 155, 25, '8', 10, 6, 10, 6, 10, '77777777，基础太差', 6, '1551447504828'),
(221, 139, 23, '8', 10, 6, 10, 6, 10, 'C语言一般', 6, '1391447504944'),
(222, 140, 30, '8', 10, 8, 10, 8, 10, '大二，基础还行，待定。', 8, '1401447505842'),
(223, 138, 25, '8', 10, 8, 10, 7, 10, '暂定', 7.2, '1381447506275'),
(224, 219, 31, '8', 10, 7, 10, 8, 10, '大二的，我觉得课本知识理解的挺好的！让过吧', 7.54, '2191447506855'),
(225, 158, 25, '5', 10, 9, 10, 8, 10, '自学能力比较强比较强，对题目有自己独特的理解', 8.2, '1581447548893'),
(226, 166, 22, '5', 10, 7, 10, 5, 10, '不要，基础太差', 5.4, '1661447549355'),
(227, 174, 23, '5', 10, 7, 10, 7, 10, '大二冒泡写不出来，附加题做到图片', 6.6, '1741447549967'),
(228, 165, 31, '5', 10, 10, 10, 10, 10, '暂定，下午过来！11.15-8.19', 10, '1651447550017'),
(229, 166, 25, '8', 10, 6, 10, 5, 10, 'c语言一般，对前端没有了解。没带电脑', 5.2, '1661447550217'),
(230, 164, 22, '5', 10, 8, 10, 6, 10, '建议不过，基础知识欠缺，对题没有深入', 5.9, '1641447550233'),
(231, 162, 31, '5', 10, 7, 10, 6, 10, 'c基础较弱，上机能力不行，建议不要', 6.2, '1621447550254'),
(232, 158, 30, '8', 10, 9, 10, 8, 10, '基础一般，一面过。', 8.1, '1581447550254'),
(233, 165, 31, '8', 10, 10, 10, 10, 10, '', 10, '1651447550327'),
(234, 58, 24, '5', 10, 7, 10, 7, 10, '大二电科，C语言自我感觉良好，但实际一般，对WEB的理解流于表面', 6.6, '581447550566'),
(235, 241, 28, '5', 10, 8, 10, 5, 10, '基础比较菜 对于循环什么的不太清除建议p', 5.6, '2411447551026'),
(236, 86, 28, '5', 10, 8, 10, 7, 7, 'yoooooo', 7.2, '861447551058'),
(237, 184, 25, '5', 10, 7, 10, 4, 10, '经管院，自学c语言到if，else', 4.6, '1841447551136'),
(238, 174, 22, '8', 10, 8, 10, 6, 10, '大二的，对安全有一定理解，不深，可被挖，信息安全实验室', 6.3, '1741447551280'),
(239, 172, 24, '5', 10, 8, 10, 8, 10, '虽然基础不太好，但是可以感觉到孩子比较用功。可以给机会', 7.6, '1721447551322'),
(240, 164, 30, '8', 10, 8, 10, 6, 10, '基础知识不好。不通过。', 6.4, '1641447551400'),
(241, 65, 25, '5', 10, 7, 10, 5, 10, '智能,......', 5.4, '651447551538'),
(242, 184, 31, '8', 10, 7, 10, 5, 10, '经管院的，大一，自学了一点点C,对web只是感兴趣，不要', 5.3, '1841447551616'),
(243, 86, 28, '8', 10, 7, 10, 8, 7, '有 PS 基础，自制过表情包，当问到“你觉得你多久可以掌握 PS 时？”，回答时间为“一周左右”\r\n对设计有基本的了解。\r\n亮点：知道如何去解决一些小问题，问及色彩搭配时会参考心理学相关的色彩知识。\r\n面试建议：通过', 7.8, '861447551668'),
(244, 58, 23, '8', 10, 7, 10, 5, 10, 'C语言都不会菜的**', 5.4, '581447551934'),
(245, 162, 25, '8', 10, 7, 10, 5, 10, '基础弱..777', 5.4, '1621447552064'),
(246, 65, 22, '8', 10, 8, 10, 8, 10, '其它学院自学的，c语言试卷前面比较差，但后面几个大题了解透彻，编程能力可以，建议给过', 8, '651447552242'),
(247, 64, 28, '5', 10, 5, 5, 4, 3, '没有 PS 基础，高中因《乔布斯传》对人文科技感兴趣，其他无了解，\r\n暂时停留在看和想的阶段。对设计（UI 视觉 交互....）无了解。\r\n面试建议：水平一般，偏文。', 4.2, '641447552282'),
(248, 241, 30, '8', 10, 8, 10, 6, 10, '基础差，不通过。', 6.4, '2411447552406'),
(249, 64, 28, '8', 10, 6, 6, 3, 3, '同一面一', 3.6, '641447553415'),
(250, 7, 31, '5', 10, 9, 10, 9, 10, '大二的，建议给过。', 9, '71447553606'),
(251, 172, 25, '8', 10, 8, 10, 7, 10, '一般,一面过', 7.2, '1721447553726'),
(252, 185, 24, '5', 10, 7, 10, 6, 10, '表达能力阔以，C语言一般', 6.2, '1851447554343'),
(253, 186, 22, '5', 10, 7, 10, 5, 10, '报错视觉设计应该是运维组，基础太差，不要', 5.4, '1861447554370'),
(254, 195, 23, '5', 10, 9, 10, 8, 10, '态度诚恳，基础可以，实践能力不行', 8.2, '1951447554673'),
(255, 220, 25, '5', 10, 10, 10, 8, 10, '', 8.4, '2201447554843'),
(256, 187, 30, '5', 10, 8, 10, 5, 10, '基础差，不通过。', 5.6, '1871447554911'),
(257, 67, 31, '5', 10, 8, 10, 6, 10, '大二的，国防生，会一点html和css，c语言基础差一点，有作品展示。', 6.4, '671447554961'),
(258, 7, 30, '8', 10, 9, 10, 9, 10, '大二，基础较好，一面通过。（谷，薛二人确定）', 8.6, '71447555061'),
(259, 181, 31, '5', 10, 5, 10, 0, 10, '15级，通院，什么都不知道，不要', 1, '1811447555264'),
(260, 193, 31, '5', 10, 7, 10, 5, 10, 'c语言基础太弱，不要', 5.4, '1931447555292'),
(261, 187, 22, '8', 10, 7, 10, 6, 10, 'c语言基础不行，字符串、不会用float', 5.8, '1871447555448'),
(262, 178, 24, '5', 10, 7, 10, 7, 10, '方向明确，基础一般，看大贺意见', 6.6, '1781447555469'),
(263, 67, 25, '8', 10, 8, 10, 7, 10, '一面过', 7.2, '671447555581'),
(264, 220, 25, '8', 10, 10, 10, 8, 10, '一面过', 8.4, '2201447555584'),
(265, 188, 30, '5', 10, 8, 10, 5, 10, '基础差，不通过。', 5.6, '1881447555738'),
(266, 181, 25, '8', 10, 9, 10, 8, 10, '基础可以，可被挖..', 8.2, '1811447555857'),
(267, 186, 31, '8', 10, 7, 10, 6, 10, 'C语言基础略差，只是对运维感兴趣，不要！', 5.8, '1861447555875'),
(268, 153, 30, '5', 10, 6, 10, 5, 10, '少康极力 不要。', 5.2, '1531447555882'),
(269, 185, 23, '8', 10, 8, 10, 6, 10, '基础不好', 6.56, '1851447556077'),
(270, 193, 22, '8', 10, 8, 10, 6, 10, '基础太差，基本知识点不清楚', 5.9, '1931447556467'),
(271, 195, 25, '8', 10, 8, 10, 8, 10, '一面过', 8, '1951447556495'),
(272, 238, 31, '5', 10, 8, 10, 5, 10, '软件专业，自学一点点C,题目只知道结果，不要！', 5.6, '2381447556915'),
(273, 188, 23, '8', 10, 8, 10, 7, 10, '看少康了', 6.8, '1881447557006'),
(274, 179, 23, '5', 10, 8, 10, 6, 10, '基础不行，菜的**', 6.4, '1791447557208'),
(275, 177, 24, '5', 10, 7, 10, 8, 10, '可被挖\r\nC语言比较扎实，逻辑比较清晰，可以考虑给二面机会', 7.8, '1771447557230'),
(276, 178, 25, '8', 10, 7, 10, 7, 10, '过一面', 7, '1781447557550'),
(277, 238, 25, '8', 10, 7, 10, 4, 10, '777777.没基础', 4.6, '2381447557777'),
(278, 153, 22, '8', 10, 7, 10, 4, 10, '大二的，c语言基础差，web基础差，不要', 4.6, '1531447557808'),
(279, 179, 30, '8', 10, 7, 10, 6, 10, '基础差，不通过。', 6.2, '1791447558350'),
(280, 225, 23, '5', 10, 8, 10, 7, 10, 'c基础还凑活，安全组，建议换方向，给个机会', 7.2, '2251447558384'),
(281, 177, 25, '8', 10, 9, 10, 9, 10, '自学能力很强，C，C++，建议通过，web，c++可挖！！！！！', 9, '1771447558763'),
(282, 226, 22, '5', 10, 8, 10, 8, 10, '过，基础理解有一定深度，思维很快，过过过过。', 8, '2261447559189'),
(283, 224, 24, '5', 10, 6, 10, 5, 10, '比较一般', 5.2, '2241447559210'),
(284, 225, 30, '8', 10, 9, 10, 6, 10, '基础差，不通过。', 6.6, '2251447559993'),
(285, 224, 31, '8', 10, 7, 10, 5, 10, '777，基础弱，不要', 5.4, '2241447560306'),
(286, 226, 24, '8', 10, 7, 10, 8, 10, '面试态度比较好，可以考虑给二面机会', 7.4, '2261447560389'),
(287, 199, 22, '5', 10, 7, 10, 4, 10, 'c语言基础差，大二的，安全、运维都很肤浅。浮光绿影，pass', 4.2, '1991447568663'),
(288, 235, 31, '5', 10, 7, 10, 8, 10, '信息对抗专业，报安全组，没有C语言课程，自学C，还不错', 7.8, '2351447569596'),
(289, 207, 25, '5', 10, 6, 10, 5, 10, '嘴子....', 5.2, '2071447569889'),
(290, 211, 23, '5', 10, 8, 10, 6, 10, '', 6.4, '2111447569912'),
(291, 206, 30, '5', 10, 9, 10, 8, 10, '待定，基础就知识有漏洞', 8.1, '2061447570018'),
(292, 201, 28, '5', 8, 7, 6, 7, 6, '原 Java web 方向，自学后端，前端为日后方向的 Plan B。解决问题思路暂算清晰。\r\n由于之前后端有接触前端方向的知识，故简单前端知识有了解。\r\n总结·：\r\n自学能力较强，有想法，但日后方向不确定。\r\n面试建议：二面后考察，一面通过。', 7, '2011447570336'),
(293, 200, 24, '5', 10, 7, 10, 6, 10, 'C语言基础比较烂，但是自学了HTML 和CSS', 6.2, '2001447570352'),
(294, 202, 22, '5', 10, 7, 10, 4, 10, 'c语言基础差，感觉题目是背的', 4.6, '2021447570397'),
(295, 88, 23, '5', 10, 9, 10, 8, 10, '基础不错，有课外学习，一面过~', 8.2, '881447570414'),
(296, 199, 25, '8', 10, 6, 10, 6, 10, '暂定，看安全组人数决定。', 6, '1991447570434'),
(297, 211, 22, '8', 10, 7, 10, 5, 10, 'c语言基础差，编程一般，看另一组态度', 5, '2111447570499'),
(298, 237, 31, '5', 10, 6, 10, 7, 10, '大二的，和何家豪一个班，给个机会', 6.8, '2371447570879'),
(299, 160, 24, '5', 10, 7, 10, 6, 10, '一面卖人情\r\n大二，基础比较差', 6.2, '1601447570901'),
(300, 207, 31, '8', 10, 6, 10, 6, 10, '就是不要！', 6, '2071447571003'),
(301, 202, 30, '8', 10, 7, 10, 6, 10, '基础知识不行，不过。', 6.2, '2021447571010'),
(302, 206, 22, '8', 10, 7, 10, 6, 10, '可过可不过，没有亮点，基础凑合', 6.2, '2061447571273'),
(303, 235, 23, '8', 10, 9, 10, 10, 10, '此人很有天赋，也努力，半个学期自学c，自学linux，并熟练掌握，安全不过的话运维一定要留', 9.8, '2351447571429'),
(304, 204, 23, '5', 10, 9, 10, 6, 10, '什么也不会，打游戏也不行，啥都不行', 6.6, '2041447571528'),
(305, 88, 30, '8', 10, 7, 10, 8, 10, '还好，建议一面给过，技术运营', 7.8, '881447571541'),
(306, 171, 23, '5', 10, 10, 10, 10, 10, '张总说的！', 10, '1711447572063'),
(307, 200, 25, '8', 10, 6, 10, 7, 10, '了解太浅', 6.8, '2001447572078'),
(308, 205, 28, '5', 10, 7, 10, 5, 5, '乖', 5.4, '2051447572687'),
(309, 204, 22, '8', 10, 6, 10, 6, 10, '软件的啥都不会', 6, '2041447572880'),
(310, 160, 25, '8', 10, 6, 10, 6, 6, '无基础', 6, '1601447573256'),
(311, 237, 23, '8', 10, 8, 10, 6, 10, '大二 没有课外知识 什么都不会', 6.56, '2371447573465'),
(312, 196, 31, '5', 10, 8, 10, 5, 10, '智能专业，在学习JAVA，韩强不要', 5.6, '1961447573513'),
(313, 205, 28, '8', 10, 8, 10, 4, 4, '乖', 4.8, '2051447573936'),
(314, 171, 28, '8', 10, 8, 10, 5, 8, '1.不了解设计相关软件\r\n2.面试带了自己做的视频（套用iMovie模板），感觉一般\r\n3.喜好摄影，倾向于UI界面设计\r\n4.对于示例海报理解较浅显\r\n\r\n组长意见：\r\n四千年一遇。', 5.6, '1711447574405'),
(315, 196, 25, '8', 6, 7, 10, 10, 10, '给二面机会，有任务看自学能力', 9.4, '1961447574660'),
(316, 234, 23, '5', 10, 8, 10, 1, 10, '浪费时间~', 2.4, '2341447575394'),
(317, 227, 31, '5', 10, 7, 10, 6, 10, 'C基础不行，不要', 5.8, '2271447575423'),
(318, 221, 22, '5', 0, 0, 0, 0, 0, '', 0, '2211447575477'),
(319, 230, 24, '5', 10, 9, 10, 9, 10, '基础很好，大二通工实验班，自学能力强。建议一面先过。', 8.5, '2301447575759'),
(320, 201, 28, '8', 10, 7, 7, 7, 6, '同一面\r\n面试人:张大贺', 7, '2011447575797'),
(321, 222, 25, '5', 10, 6, 10, 7, 10, 'C一般，对web基本没有了解', 6.8, '2221447576073'),
(322, 223, 30, '5', 10, 8, 10, 5, 10, '基础很差，（会视频制作），待定', 5.5, '2231447576095'),
(323, 239, 31, '5', 0, 0, 0, 0, 0, '不要', 0, '2391447576710'),
(324, 227, 23, '8', 10, 8, 10, 4, 10, '', 4.8, '2271447576910'),
(325, 239, 31, '8', 0, 0, 0, 0, 0, '同上', 0, '2391447577178'),
(326, 223, 30, '7', 0, 0, 0, 0, 0, '', 0, '2231447577321'),
(327, 222, 22, '8', 10, 6, 10, 5, 10, '呵呵，不要', 5.2, '2221447577496'),
(328, 198, 25, '5', 10, 7, 10, 6, 10, '卷面试题有学长指导，还可以，但是临时出的两道题都不会，不要', 6.2, '1981447577504'),
(329, 230, 22, '8', 10, 9, 10, 8, 10, '大二，基础很不错，Web 0基础', 8.2, '2301447577572'),
(330, 221, 22, '8', 0, 0, 0, 0, 0, '', 0, '2211447577589'),
(331, 102, 23, '5', 10, 8, 10, 5, 10, '没有课外知识，基础一般', 5.6, '1021447577974'),
(332, 242, 28, '5', 10, 0, 10, 0, 10, '霸面不通过', 0, '2421447578291'),
(333, 242, 28, '8', 10, 0, 10, 0, 10, '同上', 0, '2421447578336'),
(334, 198, 30, '8', 10, 7, 10, 6, 10, '基础一般偏低，不通过。', 6.2, '1981447579034'),
(335, 102, 22, '8', 0, 0, 0, 0, 0, '不过', 0, '1021447579204'),
(336, 234, 30, '7', 0, 0, 0, 0, 0, NULL, 0, NULL);

-- --------------------------------------------------------

--
-- 表的结构 `judge`
--

CREATE TABLE IF NOT EXISTS `judge` (
  `id` int(11) NOT NULL AUTO_INCREMENT,
  `name` varchar(45) NOT NULL,
  `password` varchar(45) NOT NULL,
  `direction` int(11) NOT NULL COMMENT '1 安全组\n2 web\n3  技术运营',
  `member_id` int(11) DEFAULT NULL COMMENT '0 为队长权限\n其它为队员\n',
  PRIMARY KEY (`id`)
) ENGINE=InnoDB  DEFAULT CHARSET=utf8 AUTO_INCREMENT=34 ;

--
-- 转存表中的数据 `judge`
--

INSERT INTO `judge` (`id`, `name`, `password`, `direction`, `member_id`) VALUES
(17, 'root', 'Aj5hCO', 0, 0),
(18, 'guest_safe', 'guest_safe', 1, 1),
(19, 'guest_web', 'guest_web', 2, 1),
(20, 'guest_operate', 'guest_operate', 3, 1),
(21, 'guest_art', 'guest_art', 4, 1),
(22, 'gushitao', 'gushitao', 5, 1),
(23, 'zhangyukun', 'zhangyukun', 5, 2),
(24, 'liyuchen', 'liyuchen', 5, 3),
(25, 'yangshaokang', 'yangshaokang', 5, 4),
(26, 'hanqiang', 'hanqiang', 5, 5),
(27, 'baimengyi', 'baimengyi', 5, 6),
(28, 'yechunfeng', 'yechunfeng', 5, 7),
(29, 'lizenghui', 'lizenghui', 5, 8),
(30, 'baimengyi2', 'baimengyi2', 5, 9),
(31, 'hanqiang2', 'hanqiang2', 5, 10),
(32, 'safe', 'safe', 1, 0),
(33, 'ope', 'oper', 3, 0);

-- --------------------------------------------------------

--
-- 表的结构 `notice`
--

CREATE TABLE IF NOT EXISTS `notice` (
  `id` int(11) NOT NULL AUTO_INCREMENT,
  `student_id` varchar(45) DEFAULT NULL,
  `name` varchar(45) DEFAULT NULL,
  `status` int(11) DEFAULT NULL,
  `judge` varchar(45) DEFAULT NULL,
  `direction` int(11) DEFAULT NULL,
  `message` varchar(80) DEFAULT NULL,
  PRIMARY KEY (`id`)
) ENGINE=InnoDB DEFAULT CHARSET=utf8 AUTO_INCREMENT=1 ;

-- --------------------------------------------------------

--
-- 表的结构 `player`
--

CREATE TABLE IF NOT EXISTS `player` (
  `id` int(11) NOT NULL AUTO_INCREMENT,
  `name` varchar(45) NOT NULL,
  `gender` varchar(13) NOT NULL COMMENT '性别',
  `student_id` varchar(45) NOT NULL,
  `grade` varchar(45) NOT NULL,
  `class` varchar(45) NOT NULL,
  `tel` varchar(45) NOT NULL,
  `direction` int(11) NOT NULL COMMENT '\n1 安全组\n2 web\n3  技术运营\n4  视觉设计组',
  `status` int(11) NOT NULL COMMENT '1  报名 2 签到  3 一面一等待 4 一面一进行 5 一面一结束 6 一面二等待 7 一面二进行 8 一面结束 9  二面等待 10 二面进行 11 二面结束 12 一面通过 13 一面未通过 14 二面通过 15 二面未通过',
  PRIMARY KEY (`id`),
  UNIQUE KEY `studentid_UNIQUE` (`student_id`)
) ENGINE=InnoDB  DEFAULT CHARSET=utf8 AUTO_INCREMENT=243 ;

--
-- 转存表中的数据 `player`
--

INSERT INTO `player` (`id`, `name`, `gender`, `student_id`, `grade`, `class`, `tel`, `direction`, `status`) VALUES
(1, '张伟男', '男', '04151007', '15', '计科1501', '18792978681', 2, 1),
(3, '康艺杰', '男', '04151081', '15', '计科1503', '18829225473', 1, 12),
(4, '谢子琦', '男', '04151082', '15', '计科1503', '18302900103', 1, 12),
(5, '张士纪', '男', '06153079', '15', '智能科学与技术', '18291996228', 3, 1),
(6, '宋晓亮', '男', '04142071', '14', '网络1402', '15114875658', 1, 12),
(7, '谢佳林', '男', '03143082', '14', '安全 1403', '15809185017', 1, 12),
(8, '董迪迪', '女', '04151101', '15', '计科1503', '13032948120', 2, 1),
(9, '郭吉航', '男', '04152119', '15', '网络工程1504', '15691790557', 1, 1),
(11, '王养龙', '男', '04151124', '15', '计科1504', '18791029971', 3, 1),
(12, '宋佳欢', '女', '04151031', '15', '计科1501', '18829075852', 1, 13),
(13, '李鑫', '女', '04153129', '15', '软件1504', '18829488562', 3, 13),
(14, '王珂', '女', '04153135', '15', '软件1504', '18392402756', 2, 13),
(15, '李旭东', '男', '05156083', '15', '电路1503', '18829537003', 1, 13),
(16, '张雪', '女', '04152099', '15', '网络工程1503班', '15691788837', 2, 13),
(17, '郭星', '女', '04152100', '15', '网络1503', '18700958572', 4, 13),
(18, '张雯', '女', '04151097', '15', '计科1503', '13572258635', 1, 1),
(19, '王嘉盛', '男', '04152036', '15', '网工 1502', '13379180364', 3, 12),
(20, '邹丹阳', '女', '04153064', '15', '软工1502', '13832967424', 1, 12),
(21, '贺远', '男', '04151154', '15', '计科1505', '18829077099', 3, 13),
(22, '惠浩浩', '男', '04152106', '15', '网工1504', '18291965411', 1, 13),
(23, '王虎生', '男', '04151003', '15', '计科1501', '18992533426', 1, 1),
(24, '王晨阳', '男', '04152038', '15', '网工1502', '18706746187', 3, 12),
(25, '汪義航', '男', '04142131', '14', '网工1404', '15667023869', 2, 12),
(26, '祝荣吉', '男', '04142036', '14', '网络1401', '18691689162', 1, 12),
(27, '张园园', '女', '04153066', '15', '软件1502', '15991032074', 1, 12),
(28, '郝玉亮', '男', '04151004', '15', '计科1501', '18092016683', 2, 1),
(29, '王怡凡', '女', '04153067', '15', '软工', '15929243619', 3, 13),
(30, '李诚', '男', '04151092', '15', '计科 1503', '18829211951', 1, 13),
(31, '韩小丽', '女', '06142126', '14', '测控1404', '15809279049', 4, 12),
(32, '康茜', '男', '04152087', '15', '网工1503', '18829215673', 3, 13),
(33, '蒙祺殷', '男', '04152019', '15', '网工1501', '18629474996', 1, 12),
(34, '林浩', '男', '04142130', '14', '网络工程', '15091762986', 3, 1),
(35, '孙艺闻', '男', '04151143', '15', '计科1505', '18646719181', 3, 1),
(36, '毛潇一', '男', '04152020', '15', '网工1501', '15129281407', 1, 1),
(37, '郭美花', '女', '04153065', '15', '软件1502', '13474047548', 2, 1),
(38, '刘林炫', '男', '04151010', '15', '计科1501', '18392985029', 1, 12),
(39, '薛晓龙', '男', '04152122', '15', '网工 1504', '18710313978', 3, 13),
(40, '黄海军', '男', '04151001', '15', '计科1501', '13032955934', 4, 1),
(41, '胡代旺', '男', '04151144', '15', '计科1505', '18829075679', 3, 1),
(42, '王斌', '男', '04151147', '15', '计科1505', '18829210482', 2, 1),
(43, '薛玉锋', '男', '04151146', '15', '计科1505', '18829210417', 2, 1),
(44, '张坤', '男', '04152121', '15', '网工 1504', '18829076249', 1, 13),
(45, '肖赞', '男', '04143155', '14', '软件1405', '15109117545', 2, 13),
(46, '陈浩男', '男', '04151012', '15', '计科1501', '13201843719', 1, 1),
(47, '苏亨', '男', '04151145', '15', '计科1505', '13572136479', 1, 1),
(48, '兰松', '男', '04152035', '15', '网工1502', '15339180559', 1, 13),
(49, '郑英才', '男', '04152103', '15', '网工1504', '13032961394', 4, 13),
(50, '侯博程', '男', '04151148', '15', '计科1505', '18892036424', 3, 1),
(51, '杨锐夫', '男', '04151087', '15', '计科1503', '15383963386', 3, 12),
(52, '刘树彬', '男', '04152013', '15', '网络 1501', '18829596274', 1, 12),
(53, '潘淳', '女', '04152098', '15', '网工1503', '18829077344', 1, 13),
(54, '姜浩', '女', '04152097', '15', '网工1503', '18829522964', 2, 13),
(55, '赵成杰', '男', '04151057', '15', '计科1502', '18829077079', 3, 13),
(56, '刘昱', '男', '04151055', '15', '计科1502', '18729069908', 3, 1),
(57, '马旭东', '男', '04152102', '15', '网络工程1504', '13032950174', 3, 13),
(58, '杨佳源', '男', '03142042', '14', '电科1402', '15829058896', 2, 13),
(59, '赵文磊', '男', '04151011', '15', '计科1501', '18629032169', 3, 1),
(60, '李春欣', '女', '04153131', '15', '软工1504', '18392418781', 1, 13),
(61, '侯杏林', '男', '04142120', '15', '网络1404', '15091335509', 2, 13),
(62, '王晨锡', '男', '04152009', '15', '网工1501', '18829536871', 1, 12),
(63, '朱东辉', '男', '05141102', '14', '电子1403', '15091755931', 3, 12),
(64, '丹炳阳', '男', '04152014', '15', '网络1501', '13032956934', 4, 13),
(65, '郑凯东', '男', '06153048', '15', '智能1502', '13389263986', 3, 12),
(66, '冯鑫', '男', '04151054', '15', '计科1502', '18829536866', 3, 12),
(67, '冯志学', '男', '05141073', '14', '电子1402', '13469679430', 2, 12),
(68, '张子涵', '男', '04152008', '15', '网络1501', '18743245889', 1, 13),
(69, '刘磊', '男', '04151085', '15', '计科1503', '18791799685', 1, 1),
(70, '高辉', '女', '04142073', '14', '网络1403', '15829041778', 2, 1),
(71, '张豪杰', '男', '06153071', '15', '智能1502', '13201629005', 1, 1),
(72, '云文瑞', '男', '04151090', '15', '计科1503', '18829533194', 3, 1),
(73, '刘恒', '男', '04142132', '14', '网络 1404', '15802991581', 1, 1),
(74, '魏瑶', '女', '04152067', '15', '网工1502', '15691768158', 4, 1),
(75, '祝文斌', '男', '04152007', '15', '网工1501', '15529343238', 3, 13),
(76, '陈家兴', '男', '04152002', '15', '网络工程', '13032949986', 3, 12),
(77, '魏新超', '男', '04151091', '15', '计科1503', '18829592803', 1, 13),
(78, '李浩天', '男', '04151109', '15', '计科1504', '13032966154', 3, 1),
(79, '张耀', '男', '04142101', '14', '网络1403', '15109111861', 1, 13),
(80, '张皓羽', '男', '04152037', '15', '网工1502', '15891767238', 3, 13),
(81, '孙美鑫', '女', '04153098', '15', '软工1503', '18829591908', 2, 13),
(82, '谢昂', '男', '04151043', '15', '计科1502', '13572480611', 1, 13),
(83, '蒲家旺', '男', '04153070', '15', '软工1503', '15529343250', 3, 12),
(84, '丁庭斌', '男', '06144112', '15', '电气1504', '18829523906', 1, 1),
(85, '张昕乐', '男', '04153072', '15', '软工1503', '18829076495', 3, 1),
(86, '刘洪源', '男', '04151070', '15', '计科 1503', '13032959449', 4, 12),
(87, '许栋', '男', '04153071', '15', '软工 1503', '15691786535', 3, 1),
(88, '董恒毅', '男', '04151040', '15', '计科1502', '13484629693', 3, 12),
(89, '王涛', '男', '06154130', '15', '电气1504', '18792755632', 1, 1),
(90, '张琪', '男', '04152049', '15', '网工1502', '18829536870', 3, 12),
(91, '柴沣伟', '男', '03143015', '14', '信息安全1401', '15829307602', 1, 13),
(92, '马瑞', '男', '04152048', '15', '网工1502', '18829075781', 3, 13),
(93, '董青', '女', '04152091', '15', '网工1503', '18791097523', 2, 13),
(94, '王丹丹', '女', '04152094', '15', '网工1503', '13032949695', 3, 1),
(95, '肖康', '男', '06143059', '14', '智能1402', '15667025295', 1, 13),
(96, '小圆天然聪明', '女', '04142083', '15', '网络1503', '18629486118', 4, 1),
(97, '李志恒', '男', '04153069', '15', '软工1503', '15529343050', 4, 1),
(98, '董青', '女', '04152017', '15', '网工1503', '18791097523', 2, 1),
(99, '崔一诺', '女', '04152092', '15', '网络1503', '15291800377', 2, 13),
(100, '屈琅', '男', '04151046', '15', '计科1502', '15209229064', 1, 12),
(101, '吴均斌', '男', '04151014', '15', '计科1501', '18049218002', 3, 1),
(102, '姚怡', '女', '04143111', '14', '软件1404', '15802929083', 2, 13),
(103, '王清椿', '男', '03141361', '14', '通工1412', '13152471878', 2, 1),
(104, '谭小曼', '男', '04152107', '15', '网工1504', '15691786390', 2, 13),
(105, '谷仕涛', '男', '04131040', '13', '计科1302', '13259438581', 3, 1),
(106, '施宇轩', '男', '04152011', '15', '网工1501', '13096928688', 3, 1),
(107, '张帆', '女', '04153125', '15', '软件1504', '18829571810', 1, 12),
(108, '刘松松', '男', '04151140', '15', '计科1505', '18829076265', 3, 13),
(109, '夏雨', '女', '03144063', '14', '计算机科学与技术', '15829294245', 2, 12),
(110, '项维维', '男', '05151001', '15', '电子1501', '18992534454', 3, 13),
(111, '高宝', '男', '04152105', '15', '网络工程1504', '18706885805', 4, 13),
(112, '王佩', '女', '04143114', '14', '软工1404', '18209183861', 2, 12),
(113, '曹有明', '男', '04152116', '15', '网络1504', '18729157650', 2, 1),
(114, '郭春旭', '女', '03141023', '14', '通工1401', '15802992144', 3, 13),
(115, '杨凯', '男', '04151045', '15', '计科1502', '13488103439', 2, 13),
(116, '李蓉', '女', '04153099', '15', '软件1503', '18829596942', 2, 12),
(117, '扈衍', '女', '04153101', '15', '软工1503', '18892084406', 1, 13),
(118, '殷鑫', '男', '04142054', '14', '网络 1402', '18309244956', 3, 12),
(119, '关佩红', '女', '03141021', '14', '通工1401', '13519128114', 3, 1),
(120, '张浩', '男', '04152072', '15', '网工 1503', '15691788231', 3, 12),
(121, '林森', '男', '04151188', '15', '计科1506', '18829488819', 3, 13),
(122, '徐雪', '女', '04153128', '15', '软工1504', '13679270934', 3, 1),
(123, '尤毛毛', '男', '04151042', '15', '计科1502', '18182636869', 2, 13),
(124, '吴云鹏', '男', '04151053', '15', '计科1502', '18829225144', 2, 1),
(125, '马鑫涛', '男', '06154109', '15', '电气1504', '18892033203', 1, 13),
(126, '陈普钦', '男', '04151008', '15', '计科501', '15529342886', 2, 13),
(127, '张丹', '女', '04152101', '15', '网工1503', '15529243976', 1, 13),
(128, '马登云', '男', '04143062', '14', '软件1402', '15667022091', 3, 1),
(129, '李一斐', '女', '04153100', '15', '软工 1503', '18829076013', 1, 13),
(130, '李刚', '男', '03142011', '14', '电科1401', '15667026891', 2, 13),
(131, '锁易昕', '男', '05156074', '15', '电路1503', '18209264071', 1, 12),
(132, '梁椰舷', '女', '04152095', '15', '网络1503', '13032961649', 1, 1),
(133, '祝兴华', '男', '05156106', '15', '电路1504', '18829596908', 1, 13),
(134, '庞千斗', '男', '04151048', '15', '计科1502', '13679138131', 2, 12),
(135, '郭超', '男', '04152085', '15', '网络1503', '18220052953', 1, 1),
(136, '李晨', '男', '05156086', '15', '电路1503', '15029017787', 1, 13),
(137, '张伟', '男', '04151162', '15', '计科1506', '18247546357', 2, 1),
(138, '时柳', '女', '04142007', '14', '网络1401', '15667026387', 2, 12),
(139, '屈伸', '男', '05156096', '15', '电路1503', '18291984330', 1, 13),
(140, '冯佳胜', '男', '03142010', '14', '电科1401', '15802953651', 2, 12),
(141, '师希昊', '男', '04153120', '15', '软工1504', '18829491259', 4, 13),
(142, 'shshsh', '男', '04134567', '15', 'shsh14545', '13245647897', 2, 1),
(143, '王作栋', '男', '04152004', '15', '网络1501', '15529343536', 1, 12),
(144, '马斌', '男', '04152071', '15', '网络 1503', '18829488873', 2, 13),
(145, '王聪', '男', '04152074', '15', '网工1503', '13032961549', 1, 12),
(146, '张凯捷', '男', '04151006', '15', '计科1501', '15399069026', 1, 1),
(147, '吴垚', '男', '04152076', '15', '网工1503', '15291905396', 1, 1),
(148, '张永涛', '男', '04152073', '15', '网工1503', '18892082704', 3, 1),
(149, '张浩东', '男', '03146035', '14', '对抗1402', '15667021719', 1, 1),
(150, '侯晓霞', '女', '04152090', '15', '网工1503', '15691768359', 3, 13),
(151, '宋继鹏', '男', '04142033', '14', '网工1401', '18392059576', 2, 1),
(152, '付世琦', '女', '06153006', '15', '智能1501', '18402954574', 1, 12),
(153, '秦齐', '男', '02142015', '14', '商务1401', '15829304793', 2, 13),
(154, '德玛西亚', '男', '04141122', '15', '计科1407', '13211111111', 1, 1),
(155, '钟嘉豪', '男', '04152112', '15', '网工1504', '18629418276', 2, 13),
(156, '魏甜', '女', '05131164', '13', '电子1305', '18829288663', 2, 1),
(157, '韩伟', '男', '04152086', '15', '网络1503', '18729316001', 1, 1),
(158, '方冉月', '女', '04151098', '15', '计科1503', '13679250578', 2, 12),
(159, '郗宇', '男', '04151076', '15', '计科1503', '13039616375', 3, 1),
(160, '张点', '男', '04141156', '14', '计科1405', '15809299893', 2, 12),
(161, '俞倩', '女', '04151129', '15', '计科1504', '15249048542', 1, 1),
(162, '孙俊', '女', '04151128', '15', '计科1504', '18729585878', 1, 13),
(163, '郄俭', '女', '04151061', '15', '计科1502', '15691768858', 1, 1),
(164, '王蓉', '女', '04151131', '15', '计科  1504', '18791753023', 1, 13),
(165, '张涵', '女', '04152135', '15', '网络1504', '18291993165', 2, 13),
(166, '卢晓东', '男', '04152113', '15', '网工1504', '18829509974', 2, 13),
(167, '郭荣旭', '女', '04151200', '15', '计科1506', '13032957428', 2, 1),
(168, '宁海静', '女', '04153093', '15', '软工1503', '13891099602', 2, 1),
(169, '宋南', '男', '04152109', '15', '网路工程', '15691788332', 2, 1),
(170, '孟德子龙', '男', '04152123', '15', '网络1504', '18829077383', 1, 1),
(171, '宋阳子', '女', '04153166', '15', '软件1505', '15202469052', 4, 12),
(172, '文清', '女', '04151027', '15', '计科1501', '15771726703', 3, 12),
(173, '张皓', '男', '04151876', '15', '网工1503', '15789246874', 2, 1),
(174, '陈征', '男', '05146137', '14', '电路1404', '15667027510', 1, 13),
(175, '张翔', '男', '04152075', '15', '网络1503', '15191961625', 3, 1),
(176, '鲁晨阳', '男', '04152111', '15', '网工1504', '13032948818', 2, 1),
(177, '马小花', '女', '04152034', '15', '网络1501', '18829265844', 1, 12),
(178, '李婷婷', '女', '04143116', '14', '软件1404', '15829348754', 2, 12),
(179, '闫晶', '女', '04152056', '15', '网络工程1502', '13468936258', 1, 13),
(180, '闫晶', '女', '04152856', '15', '网络工程1502', '13468936258', 1, 1),
(181, '赵昱瑾', '男', '03151409', '15', '通工1514', '18092093076', 2, 13),
(182, '韩亦乐', '男', '04153088', '15', '软件工程', '18829533255', 3, 1),
(183, '岳峙君', '女', '04152068', '15', '网络1502', '18700086457', 3, 1),
(184, '车彤', '女', '02155018', '15', '信管1501', '18829071281', 2, 13),
(185, '齐钰', '男', '04151183', '15', '计科1506', '18202912198', 3, 13),
(186, '孙媛', '女', '04151203', '15', '计科1506', '15691788628', 4, 13),
(187, '郑扬', '男', '04152045', '15', '网工1502', '18829489972', 3, 13),
(188, '尚迪', '女', '04152089', '15', '网工1503', '15129952815', 2, 13),
(189, '刘雨皓', '男', '04152081', '15', '网工1503', '13369102058', 2, 1),
(190, '王晨', '男', '04151039', '15', '计科1502', '15191884841', 1, 1),
(191, '芦瑞', '女', '02155017', '15', '信管1501', '18291969805', 2, 1),
(192, '杨芳', '女', '04151026', '15', '计科1501', '18740750175', 3, 1),
(193, '陆威', '男', '04152046', '15', '网络1502', '18892068536', 1, 13),
(194, '李东林', '男', '04151088', '15', '计科1503', '18829599764', 3, 1),
(195, '闫钰晨', '女', '04151059', '15', '计科1502', '18792995582', 3, 12),
(196, '张镇', '男', '06143097', '14', '智能1403', '18066850704', 2, 12),
(197, '宋洁', '男', '03151422', '15', '通工1514', '18829598647', 3, 1),
(198, '李银哲', '女', '04151102', '15', '计科 1503', '13572107351', 2, 13),
(199, '刘鹏', '男', '04142064', '14', '网络1402', '15091898727', 1, 13),
(200, '段雪', '女', '04143008', '14', '软件1401', '15809183506', 2, 13),
(201, '豆青', '女', '04143045', '14', '软件1402', '15829258737', 2, 12),
(202, '段杰', '男', '04151037', '15', '计科1502', '18191255936', 2, 13),
(203, '李云侠', '女', '03147033', '14', '物联网工程1401', '15829245052', 2, 1),
(204, '胡新宇', '男', '04153149', '15', '软工1505', '18966997157', 1, 13),
(205, '舒聪', '女', '04153068', '15', '软工1502', '18700023087', 4, 12),
(206, '韩智杰', '男', '04151190', '15', '计科', '18602960397', 3, 12),
(207, '王佶', '男', '04152082', '15', '网工1503', '18220684201', 3, 13),
(208, '董大海', '男', '04152083', '15', '网工', '18829224828', 3, 1),
(209, '陈琪', '男', '04152084', '15', '网工1503', '15229706761', 3, 1),
(210, '毛甫成', '男', '04151138', '15', '计科1505', '18291979549', 1, 1),
(211, '张文琪', '男', '04152077', '15', '网工1503', '18892080665', 3, 13),
(212, '郭俊楚', '男', '05156124', '15', '电路 1504', '18829523651', 2, 1),
(213, '赵建茸', '女', '04152126', '15', '网络工程1504', '13032950148', 1, 1),
(214, '王婧璟', '女', '04152125', '15', '网络工程1504', '18829571705', 4, 1),
(215, '李慧敏', '女', '04152127', '15', '网络工程1504', '13032961435', 2, 1),
(216, '赵雨涵', '女', '04152130', '15', '网络工程1504', '13032954643', 3, 1),
(217, '王茹', '女', '04152129', '15', '网工1504', '17792050469', 3, 1),
(218, '封雅', '女', '04152128', '15', '网络', '17719734381', 4, 1),
(219, '张靖', '女', '04142080', '14', '网络1403', '15091059038', 3, 12),
(220, '楚东方', '男', '04151189', '15', '计科1506', '18829031821', 2, 12),
(221, '胡明星', '男', '03143013', '14', '安全1401', '15091753972', 1, 13),
(222, '刘坤', '男', '04151086', '15', '计科1503', '15771691752', 2, 13),
(223, '王亮', '男', '04151083', '15', '计科1503', '13992708505', 2, 7),
(224, '周淼', '女', '04151130', '15', '计科1504', '18829508793', 3, 13),
(225, '李珍', '女', '04151132', '15', '计科1504', '18829526213', 1, 13),
(226, '李娇', '女', '04151127', '15', '计科1504', '18291987419', 2, 12),
(227, '张阳阳', '女', '04152062', '15', '网工1502', '18700719960', 2, 13),
(228, '冯春雨', '男', '04151084', '15', '计科1503', '13032959452', 1, 1),
(229, '杨浩博', '男', '04152018', '15', '网工1501', '13379298172', 1, 1),
(230, '丁磊', '男', '03145042', '14', '通工1414', '15332406627', 2, 12),
(232, '刘旭', '男', '04143152', '14', '软件1405', '13324501992', 2, 1),
(233, '杜宇晖', '男', '04143156', '14', '软件1405', '18700023861', 2, 1),
(234, '王小芳', '女', '04152058', '15', '网工1502', '15691786106', 1, 8),
(235, '孙恒康', '男', '03156046', '15', '对抗 1502', '18829489478', 1, 12),
(237, '段唐奇', '男', '04141166', '14', '计科1405', '15667022370', 2, 13),
(238, '何弘韦', '男', '04153145', '15', '软工1505', '13032961409', 2, 13),
(239, '张璐', '男', '04153117', '15', '软件1504', '15353137170', 2, 13),
(240, '李伟毅', '男', '07550543', '15', '网络1502', '18507550543', 2, 1),
(241, '汤悦', '男', '04151069', '15', '计科 1503', '18829075735', 3, 12),
(242, '黎小凤', '男', '04151030', '15', '计科 1501', '15892754014', 1, 13);

--
-- 限制导出的表
--

--
-- 限制表 `interview`
--
ALTER TABLE `interview`
  ADD CONSTRAINT `fk_interview_player1` FOREIGN KEY (`player_id`) REFERENCES `player` (`id`) ON DELETE NO ACTION ON UPDATE NO ACTION;

/*!40101 SET CHARACTER_SET_CLIENT=@OLD_CHARACTER_SET_CLIENT */;
/*!40101 SET CHARACTER_SET_RESULTS=@OLD_CHARACTER_SET_RESULTS */;
/*!40101 SET COLLATION_CONNECTION=@OLD_COLLATION_CONNECTION */;
